,precision,recall,f1-score,support
Non-frequent,0.9788688626476072,0.9083044982698962,0.9422674244690398,1734.0
Frequent,0.8387423935091278,0.9605110336817654,0.8955062263129399,861.0
accuracy,0.925626204238921,0.925626204238921,0.925626204238921,0.925626204238921
macro avg,0.9088056280783675,0.9344077659758308,0.9188868253909899,2595.0
weighted avg,0.9323760341588863,0.925626204238921,0.9267524373351661,2595.0
