,precision,recall,f1-score,support
Non-frequent,0.9657817109144543,0.9440599769319492,0.9547973170020414,1734.0
Frequent,0.8922222222222222,0.9326364692218351,0.9119818285065304,861.0
accuracy,0.9402697495183044,0.9402697495183044,0.9402697495183044,0.9402697495183044
macro avg,0.9290019665683382,0.9383482230768921,0.9333895727542859,2595.0
weighted avg,0.941375267845471,0.9402697495183044,0.9405914844029529,2595.0
